{
	"class_name" : "PinholeCameraParameters",
	"extrinsic" : 
	[
		0.54993632778974288,
		-0.78481143778613704,
		-0.28572896685003601,
		0.0,
		-0.06754066354166903,
		0.29919695898319837,
		-0.95179800299410033,
		0.0,
		0.83247119718671569,
		0.54272662257831328,
		0.11153259164591144,
		0.0,
		-0.0,
		3.4694469519536142e-17,
		0.53291134590279177,
		1.0
	],
	"intrinsic" : 
	{
		"height" : 900,
		"intrinsic_matrix" : 
		[
			779.42286340599503,
			0.0,
			0.0,
			0.0,
			779.42286340599503,
			0.0,
			799.5,
			449.5,
			1.0
		],
		"width" : 1600
	},
	"version_major" : 1,
	"version_minor" : 0
}